Workbook

Sheet pivot-orders
A3: Row Labels | B3: Sum of OTiF Flag | C3: Count of Order ID | D3: OTIF % per Customer
A4: SUP001 | B4: 39 | C4: 125 | D4: =B4 / C4 *100 -> 31.2
A5: SUP002 | B5: 40 | C5: 125 | D5: =B5 / C5 *100 -> 32
A6: SUP003 | B6: 37 | C6: 119 | D6: =B6 / C6 *100 -> 31.092437
A7: SUP004 | B7: 43 | C7: 136 | D7: =B7 / C7 *100 -> 31.617647
A8: SUP005 | B8: 37 | C8: 135 | D8: =B8 / C8 *100 -> 27.407407
A9: Grand Total | B9: 196 | C9: 640

Sheet Sheet6
A3: Row Labels | B3: Sum of Ordered Qty | C3: Sum of Delivered Qty
A4: Finished Goods | B4: 250877 | C4: 238573 | D4: =C4/B4 *100 -> 95.095605
A5: Packaging | B5: 182921 | C5: 162892 | D5: =C5/B5 *100 -> 89.050464
A6: Raw Material | B6: 286080 | C6: 272546 | D6: =C6/B6 *100 -> 95.269155

Sheet Orders
A1: Order ID | B1: SKU ID | C1: Supplier ID | D1: Region | E1: Order Date | F1: Promised Delivery | G1: Actual Delivery | H1: Ordered Qty | I1: Delivered Qty | J1: Status | K1: FillRate | L1: std Lead time | M1: LT Variance | N1: OTiF Flag | O1: Categories
A2: PO-1000 | B2: SKU001 | C2: SUP003 | D2: IN-North | E2: 45481 | F2: 45499 | G2: 45505 | H2: 1716 | I2: 1675 | J2: Delivered | K2: =Table1[[#This Row],[Delivered Qty]]/Table1[[#This Row],[Ordered Qty]] -> 0.97610723 | L2: =VLOOKUP(Table1[[#This Row],[Supplier ID]],Suppliers!$A$2:$D$6,4,FALSE) -> 18 | M2: =Table1[[#This Row],[Actual Delivery]]-Table1[[#This Row],[Order Date]]-Table1[[#This Row],[std Lead time]] -> 6 | N2: =IF(AND(Table1[[#This Row],[Status]] = "Delivered", Table1[[#This Row],[Actual Delivery]] <= Table1[[#This Row],[Promised Delivery]],Table1[[#This Row],[FillRate]]>=0.95),1,0) -> 0 | O2: =VLOOKUP(B2,Products!$A$2:$D$9,3,FALSE) -> Packaging
A3: PO-1001 | B3: SKU002 | C3: SUP005 | D3: APAC | E3: 45475 | F3: 45481 | G3: 45479 | H3: 1234 | I3: 1125 | J3: Delivered | K3: =Table1[[#This Row],[Delivered Qty]]/Table1[[#This Row],[Ordered Qty]] -> 0.91166937 | L3: =VLOOKUP(Table1[[#This Row],[Supplier ID]],Suppliers!$A$2:$D$6,4,FALSE) -> 6 | M3: =Table1[[#This Row],[Actual Delivery]]-Table1[[#This Row],[Order Date]]-Table1[[#This Row],[std Lead time]] -> -2 | N3: =IF(AND(Table1[[#This Row],[Status]] = "Delivered", Table1[[#This Row],[Actual Delivery]] <= Table1[[#This Row],[Promised Delivery]],Table1[[#This Row],[FillRate]]>=0.95),1,0) -> 0 | O3: =VLOOKUP(B3,Products!$A$2:$D$9,3,FALSE) -> Packaging
A4: PO-1002 | B4: SKU004 | C4: SUP005 | D4: APAC | E4: 45481 | F4: 45487 | G4: 45485 | H4: 1754 | I4: 1719 | J4: Delivered | K4: =Table1[[#This Row],[Delivered Qty]]/Table1[[#This Row],[Ordered Qty]] -> 0.98004561 | L4: =VLOOKUP(Table1[[#This Row],[Supplier ID]],Suppliers!$A$2:$D$6,4,FALSE) -> 6 | M4: =Table1[[#This Row],[Actual Delivery]]-Table1[[#This Row],[Order Date]]-Table1[[#This Row],[std Lead time]] -> -2 | N4: =IF(AND(Table1[[#This Row],[Status]] = "Delivered", Table1[[#This Row],[Actual Delivery]] <= Table1[[#This Row],[Promised Delivery]],Table1[[#This Row],[FillRate]]>=0.95),1,0) -> 1 | O4: =VLOOKUP(B4,Products!$A$2:$D$9,3,FALSE) -> Raw Material
A5: PO-1003 | B5: SKU007 | C5: SUP003 | D5: IN-South | E5: 45478 | F5: 45496 | G5: 45508 | H5: 409 | I5: 371 | J5: Delivered | K5: =Table1[[#This Row],[Delivered Qty]]/Table1[[#This Row],[Ordered Qty]] -> 0.90709046 | L5: =VLOOKUP(Table1[[#This Row],[Supplier ID]],Suppliers!$A$2:$D$6,4,FALSE) -> 18 | M5: =Table1[[#This Row],[Actual Delivery]]-Table1[[#This Row],[Order Date]]-Table1[[#This Row],[std Lead time]] -> 12 | N5: =IF(AND(Table1[[#This Row],[Status]] = "Delivered", Table1[[#This Row],[Actual Delivery]] <= Table1[[#This Row],[Promised Delivery]],Table1[[#This Row],[FillRate]]>=0.95),1,0) -> 0 | O5: =VLOOKUP(B5,Products!$A$2:$D$9,3,FALSE) -> Finished Goods
A6: PO-1004 | B6: SKU002 | C6: SUP003 | D6: IN-South | E6: 45493 | F6: 45511 | G6: 45517 | H6: 1140 | I6: 1023 | J6: Delivered | K6: =Table1[[#This Row],[Delivered Qty]]/Table1[[#This Row],[Ordered Qty]] -> 0.89736842 | L6: =VLOOKUP(Table1[[#This Row],[Supplier ID]],Suppliers!$A$2:$D$6,4,FALSE) -> 18 | M6: =Table1[[#This Row],[Actual Delivery]]-Table1[[#This Row],[Order Date]]-Table1[[#This Row],[std Lead time]] -> 6 | N6: =IF(AND(Table1[[#This Row],[Status]] = "Delivered", Table1[[#This Row],[Actual Delivery]] <= Table1[[#This Row],[Promised Delivery]],Table1[[#This Row],[FillRate]]>=0.95),1,0) -> 0 | O6: =VLOOKUP(B6,Products!$A$2:$D$9,3,FALSE) -> Packaging
A7: PO-1005 | B7: SKU007 | C7: SUP001 | D7: IN-South | E7: 45500 | F7: 45507 | G7: 45507 | H7: 342 | I7: 309 | J7: Delivered | K7: =Table1[[#This Row],[Delivered Qty]]/Table1[[#This Row],[Ordered Qty]] -> 0.90350877 | L7: =VLOOKUP(Table1[[#This Row],[Supplier ID]],Suppliers!$A$2:$D$6,4,FALSE) -> 7 | M7: =Table1[[#This Row],[Actual Delivery]]-Table1[[#This Row],[Order Date]]-Table1[[#This Row],[std Lead time]] -> 0 | N7: =IF(AND(Table1[[#This Row],[Status]] = "Delivered", Table1[[#This Row],[Actual Delivery]] <= Table1[[#This Row],[Promised Delivery]],Table1[[#This Row],[FillRate]]>=0.95),1,0) -> 0 | O7: =VLOOKUP(B7,Products!$A$2:$D$9,3,FALSE) -> Finished Goods
A8: PO-1006 | B8: SKU004 | C8: SUP003 | D8: IN-West | E8: 45501 | F8: 45519 | G8: 45523 | H8: 769 | I8: 726 | J8: Delivered | K8: =Table1[[#This Row],[Delivered Qty]]/Table1[[#This Row],[Ordered Qty]] -> 0.94408322 | L8: =VLOOKUP(Table1[[#This Row],[Supplier ID]],Suppliers!$A$2:$D$6,4,FALSE) -> 18 | M8: =Table1[[#This Row],[Actual Delivery]]-Table1[[#This Row],[Order Date]]-Table1[[#This Row],[std Lead time]] -> 4 | N8: =IF(AND(Table1[[#This Row],[Status]] = "Delivered", Table1[[#This Row],[Actual Delivery]] <= Table1[[#This Row],[Promised Delivery]],Table1[[#This Row],[FillRate]]>=0.95),1,0) -> 0 | O8: =VLOOKUP(B8,Products!$A$2:$D$9,3,FALSE) -> Raw Material
A9: PO-1007 | B9: SKU006 | C9: SUP002 | D9: IN-South | E9: 45485 | F9: 45490 | G9: 45490 | H9: 1599 | I9: 1542 | J9: Delivered | K9: =Table1[[#This Row],[Delivered Qty]]/Table1[[#This Row],[Ordered Qty]] -> 0.96435272 | L9: =VLOOKUP(Table1[[#This Row],[Supplier ID]],Suppliers!$A$2:$D$6,4,FALSE) -> 5 | M9: =Table1[[#This Row],[Actual Delivery]]-Table1[[#This Row],[Order Date]]-Table1[[#This Row],[std Lead time]] -> 0 | N9: =IF(AND(Table1[[#This Row],[Status]] = "Delivered", Table1[[#This Row],[Actual Delivery]] <= Table1[[#This Row],[Promised Delivery]],Table1[[#This Row],[FillRate]]>=0.95),1,0) -> 1 | O9: =VLOOKUP(B9,Products!$A$2:$D$9,3,FALSE) -> Finished Goods
A10: PO-1008 | B10: SKU003 | C10: SUP005 | D10: IN-North | E10: 45479 | F10: 45485 | G10: 45485 | H10: 1609 | I10: 1537 | J10: Delivered | K10: =Table1[[#This Row],[Delivered Qty]]/Table1[[#This Row],[Ordered Qty]] -> 0.95525171 | L10: =VLOOKUP(Table1[[#This Row],[Supplier ID]],Suppliers!$A$2:$D$6,4,FALSE) -> 6 | M10: =Table1[[#This Row],[Actual Delivery]]-Table1[[#This Row],[Order Date]]-Table1[[#This Row],[std Lead time]] -> 0 | N10: =IF(AND(Table1[[#This Row],[Status]] = "Delivered", Table1[[#This Row],[Actual Delivery]] <= Table1[[#This Row],[Promised Delivery]],Table1[[#This Row],[FillRate]]>=0.95),1,0) -> 1 | O10: =VLOOKUP(B10,Products!$A$2:$D$9,3,FALSE) -> Raw Material
A11: PO-1009 | B11: SKU006 | C11: SUP001 | D11: IN-North | E11: 45500 | F11: 45507 | G11: 45511 | H11: 748 | I11: 678 | J11: Delivered | K11: =Table1[[#This Row],[Delivered Qty]]/Table1[[#This Row],[Ordered Qty]] -> 0.90641711 | L11: =VLOOKUP(Table1[[#This Row],[Supplier ID]],Suppliers!$A$2:$D$6,4,FALSE) -> 7 | M11: =Table1[[#This Row],[Actual Delivery]]-Table1[[#This Row],[Order Date]]-Table1[[#This Row],[std Lead time]] -> 4 | N11: =IF(AND(Table1[[#This Row],[Status]] = "Delivered", Table1[[#This Row],[Actual Delivery]] <= Table1[[#This Row],[Promised Delivery]],Table1[[#This Row],[FillRate]]>=0.95),1,0) -> 0 | O11: =VLOOKUP(B11,Products!$A$2:$D$9,3,FALSE) -> Finished Goods
A12: PO-1010 | B12: SKU006 | C12: SUP002 | D12: APAC | E12: 45486 | F12: 45491 | G12: 45489 | H12: 705 | I12: 687 | J12: Delivered | K12: =Table1[[#This Row],[Delivered Qty]]/Table1[[#This Row],[Ordered Qty]] -> 0.97446809 | L12: =VLOOKUP(Table1[[#This Row],[Supplier ID]],Suppliers!$A$2:$D$6,4,FALSE) -> 5 | M12: =Table1[[#This Row],[Actual Delivery]]-Table1[[#This Row],[Order Date]]-Table1[[#This Row],[std Lead time]] -> -2 | N12: =IF(AND(Table1[[#This Row],[Status]] = "Delivered", Table1[[#This Row],[Actual Delivery]] <= Table1[[#This Row],[Promised Delivery]],Table1[[#This Row],[FillRate]]>=0.95),1,0) -> 1 | O12: =VLOOKUP(B12,Products!$A$2:$D$9,3,FALSE) -> Finished Goods
A13: PO-1011 | B13: SKU005 | C13: SUP005 | D13: APAC | E13: 45492 | F13: 45498 | G13: 45496 | H13: 1243 | I13: 1180 | J13: Delivered | K13: =Table1[[#This Row],[Delivered Qty]]/Table1[[#This Row],[Ordered Qty]] -> 0.94931617 | L13: =VLOOKUP(Table1[[#This Row],[Supplier ID]],Suppliers!$A$2:$D$6,4,FALSE) -> 6 | M13: =Table1[[#This Row],[Actual Delivery]]-Table1[[#This Row],[Order Date]]-Table1[[#This Row],[std Lead time]] -> -2 | N13: =IF(AND(Table1[[#This Row],[Status]] = "Delivered", Table1[[#This Row],[Actual Delivery]] <= Table1[[#This Row],[Promised Delivery]],Table1[[#This Row],[FillRate]]>=0.95),1,0) -> 0 | O13: =VLOOKUP(B13,Products!$A$2:$D$9,3,FALSE) -> Raw Material
... A641: PO-1639 | B641: SKU006 | C641: SUP005 | D641: IN-West | E641: 45633 | F641: 45639 | G641: 45642 | H641: 335 | I641: 333 | J641: Delivered | K641: =Table1[[#This Row],[Delivered Qty]]/Table1[[#This Row],[Ordered Qty]] -> 0.99402985 | L641: =VLOOKUP(Table1[[#This Row],[Supplier ID]],Suppliers!$A$2:$D$6,4,FALSE) -> 6 | M641: =Table1[[#This Row],[Actual Delivery]]-Table1[[#This Row],[Order Date]]-Table1[[#This Row],[std Lead time]] -> 3 | N641: =IF(AND(Table1[[#This Row],[Status]] = "Delivered", Table1[[#This Row],[Actual Delivery]] <= Table1[[#This Row],[Promised Delivery]],Table1[[#This Row],[FillRate]]>=0.95),1,0) -> 0 | O641: =VLOOKUP(B641,Products!$A$2:$D$9,3,FALSE) -> Finished Goods

Sheet Demand_Forecast
A1: SKU ID | B1: Month | C1: Forecasted Demand | D1: Actual Demand
A2: SKU001 | B2: 45474 | C2: 6818 | D2: 7601
A3: SKU001 | B3: 45505 | C3: 6323 | D3: 7823
A4: SKU001 | B4: 45536 | C4: 6100 | D4: 7905
A5: SKU001 | B5: 45566 | C5: 6123 | D5: 7348
A6: SKU001 | B6: 45597 | C6: 6755 | D6: 7566
A7: SKU001 | B7: 45627 | C7: 6836 | D7: 8023
A8: SKU002 | B8: 45474 | C8: 6240 | D8: 7630
A9: SKU002 | B9: 45505 | C9: 6057 | D9: 7580
A10: SKU002 | B10: 45536 | C10: 6800 | D10: 7317
A11: SKU002 | B11: 45566 | C11: 6124 | D11: 7200
A12: SKU002 | B12: 45597 | C12: 6627 | D12: 7944
A13: SKU002 | B13: 45627 | C13: 6761 | D13: 7571
... A49: SKU008 | B49: 45627 | C49: 6201 | D49: 6522

Sheet Products
A1: SKU ID | B1: SKU Name | C1: Category | D1: Unit Cost (INR)
A2: SKU001 | B2: HDPE Container 500ml | C2: Packaging | D2: 12.5
A3: SKU002 | B3: Corrugated Box Type-A | C3: Packaging | D3: 8
A4: SKU003 | B4: Wheat Flour 25kg | C4: Raw Material | D4: 45
A5: SKU004 | B5: Palm Oil 15L | C5: Raw Material | D5: 62
A6: SKU005 | B6: Biscuit Mix Compound | C6: Raw Material | D6: 38.5
A7: SKU006 | B7: Ready Biscuit Pack 200g | C7: Finished Goods | D7: 22
A8: SKU007 | B8: Instant Noodle Brick | C8: Finished Goods | D8: 18
A9: SKU008 | B9: Snack Bar 50g | C9: Finished Goods | D9: 15

Sheet Suppliers
A1: Supplier ID | B1: Supplier Name | C1: Country | D1: Std Lead Time (Days)
A2: SUP001 | B2: Bharat Packaging Co. | C2: India | D2: 7
A3: SUP002 | B3: FastTrack Logistics | C3: India | D3: 5
A4: SUP003 | B4: SinoSource Ltd. | C4: China | D4: 18
A5: SUP004 | B5: EuroParts GmbH | C5: Germany | D5: 21
A6: SUP005 | B6: AgriRaw Supplies | C6: India | D6: 6

Sheet Summary
A5: KPI | B5: Value
A6: count of OTIF order | B6: {=SUMPRODUCT((Orders!J2:J641="Delivered")*(Orders!G2:G641<=Orders!F2:F641)*(Orders!K2:K641>=0.95))} -> 196
A7: OTIF | B7: =COUNTIF(Table1[Status],"Delivered") -> 605
A8: OTIF % | B8: =B6/B7 * 100 -> 32.396694
A9: total order | B9: =COUNTA(Orders!A2:A641) -> 640
A10: fill rate | B10: =(SUM(Table1[Delivered Qty])/SUM(Table1[Ordered Qty]))*100 -> 93.628504
A11: Forecast Accuracy % | B11: {=SUMPRODUCT((1-ABS((Demand_Forecast!C2:C49-Demand_Forecast!D2:D49)/Demand_Forecast!D2:D49)))*100/48} -> 90.913096
A12: Lead Time Variance | B12: =AVERAGE(Table1[LT Variance]) -> 0.5078125
